{"cameraMode":{"drawMode":0,"name":"Shaded","section":"Shading Mode"},"sceneLighting":true,"audioPlay":false,"sceneViewState":{"showFog":true,"showMaterialUpdate":false,"showSkybox":true,"showFlares":true,"showImageEffects":true,"showParticleSystems":true},"in2DMode":false,"pivot":{"x":193.27899169921876,"y":-260.6658020019531,"z":-213.92559814453126},"rotation":{"x":-0.24383464455604554,"y":-0.2519280016422272,"z":0.06575430929660797,"w":-0.9342136979103088},"size":744.2898559570313,"orthographic":false}