{"cameraMode":{"drawMode":0,"name":"Shaded","section":"Shading Mode"},"sceneLighting":false,"audioPlay":false,"sceneViewState":{"showFog":true,"showMaterialUpdate":false,"showSkybox":true,"showFlares":true,"showImageEffects":true,"showParticleSystems":true},"in2DMode":false,"pivot":{"x":-122.11214447021485,"y":95.29432678222656,"z":-312.39227294921877},"rotation":{"x":-0.39026758074760439,"y":-0.30098021030426028,"z":0.13669325411319734,"w":-0.8593144416809082},"size":142.21482849121095,"orthographic":false}